{
  "name": "loaderplate",
  "version": "1.0.8",
  "homepage": "https://github.com/chrishumboldt/Loaderplate",
  "authors": [
    "Chris Humboldt <chrismodem@gmail.com>"
  ],
  "description": "A simple Javascript loader library.",
  "main": [
    "js/min/loaderplate.js",
    "css/loaderplate.css"
  ],
  "keywords": [
    "Loader",
    "Component",
    "Webplate",
    "Javascript",
    "CSS"
  ],
  "license": "Apache-2.0",
  "ignore": [
    "**/.*",
    "node_modules",
    "bower_components",
    "test",
    "tests",
    "gulpfile.js",
    "package.json",
    "index.html",
    "bower.json",
    "css/demo.css",
    "sass"
  ],
  "_release": "1.0.8",
  "_resolution": {
    "type": "version",
    "tag": "v1.0.8",
    "commit": "591e35e9025576c261aac98a8713cdc15620a6d2"
  },
  "_source": "git://github.com/chrishumboldt/Loaderplate.git",
  "_target": "~1.0.8",
  "_originalSource": "loaderplate",
  "_direct": true
}