{
  "name": "modalplate",
  "version": "2.0.8",
  "homepage": "http://getwebplate.com/plugins/modalplate",
  "authors": [
    "Chris Humboldt <chrismodem@gmail.com>"
  ],
  "description": "A cool modal plugin.",
  "main": [
    "js/min/modalplate.js",
    "css/modalplate.css"
  ],
  "keywords": [
    "Modal",
    "Component",
    "Javascript",
    "Webplate",
    "Responsive"
  ],
  "license": "Apache License, Version 2.0",
  "ignore": [
    "**/.*",
    "node_modules",
    "bower_components",
    "test",
    "tests",
    "gulpfile.js",
    "package.json",
    "index.html",
    "bower.json",
    "css/demo.css",
    "js/demo.js",
    "js/min/demo.js",
    "sass"
  ],
  "_release": "2.0.8",
  "_resolution": {
    "type": "version",
    "tag": "v2.0.8",
    "commit": "4d196fb3c52927ecbfe917b5c7df3910cc5a9dff"
  },
  "_source": "git://github.com/chrishumboldt/Modalplate.git",
  "_target": "~2.0.8",
  "_originalSource": "modalplate",
  "_direct": true
}