{
  "name": "buttonplate",
  "version": "2.0.3",
  "homepage": "http://getwebplate.com/plugins/buttonplate",
  "authors": [
    "Chris Humboldt <chrismodem@gmail.com>"
  ],
  "description": "A global button library.",
  "main": [
    "css/buttonplate.css",
    "js/min/buttonplate.js"
  ],
  "keywords": [
    "Button",
    "Component",
    "Webplate",
    "Responsive",
    "Javascript",
    "SASS"
  ],
  "license": "Apache License, Version 2.0",
  "ignore": [
    "**/.*",
    "node_modules",
    "test",
    "tests",
    "gulpfile.js",
    "package.json",
    "index.html",
    "bower.json",
    "css/demo.css",
    "js/demo.js",
    "js/min/demo.js",
    "sass/demo.scss"
  ],
  "_release": "2.0.3",
  "_resolution": {
    "type": "version",
    "tag": "v2.0.3",
    "commit": "d6ebe7da06b784d1f88d66aa351a2bced27285ff"
  },
  "_source": "git://github.com/chrishumboldt/Buttonplate.git",
  "_target": "~2.0.3",
  "_originalSource": "buttonplate",
  "_direct": true
}